problem, 249
logging, 29
in, 31
access, 233
log, 48
out, 24
loggin, 1
like, 15
slow, 40
fast, 14
poor, 4
time, 106
still, 14
hassle, 4
hard, 15
difficulty, 6
since, 14
ever, 2
want, 7
need, 32
security, 2
make, 28
depend, 2
ensure, 1
cant, 14
troubling, 1
take, 14
course, 219
know, 40
version, 48
compatible, 5
fine, 7
subject, 59
used, 13
help, 129
well, 105
even, 16
though, 5
able, 17
disappointing, 2
direct, 1
site, 2
second, 1
convenient, 5
view, 7
question, 9
friendly, 15
possible, 2
experience, 5
less, 3
different, 6
compatibility, 1
error, 2
base, 1
check, 7
unable, 5
available, 41
support, 5
free, 3
concern, 3
usable, 1
stable, 5
accessible, 7
pass, 9
none, 2
sign, 1
class, 26
peak, 1
probably, 1
load, 3
regular, 1
lack, 2
prof, 28
issue, 12
thing, 3
reliable, 5
best, 3
stressful, 1
long, 11
wi, 1
fi, 1
weak, 1
troublesome, 1
trouble, 1
faulty, 1
found, 3
wrong, 4
timely, 1
manner, 1
call, 1
guide, 2
willing, 1
usually, 6
disagree, 6
notice, 16
complain, 1
solve, 2
helpful, 15
floor, 1
away, 1
mate, 1
observe, 1
lost, 1
person, 4
seeking, 1
done, 2
outside, 52
stolen, 1
gate, 1
live, 1
moderate, 1
personal, 3
house, 1
understand, 116
organized, 68
clear, 4
read, 18
organize, 9
reading, 10
presentation, 2
difficult, 2
fully, 1
irritating, 1
understanding, 5
precise, 1
pleasing, 1
prepared, 6
interest, 7
finished, 1
effective, 2
face, 106
lazy, 2
please, 3
complicated, 2
incomplete, 1
post, 2
sorted, 2
date, 9
super, 3
full, 2
sort, 1
s, 2
term, 2
look, 2
work, 2
enable, 1
material, 11
last, 1
confusion, 1
incorrect, 1
order, 1
manage, 67
locate, 1
screen, 4
designed, 1
list, 2
visible, 2
pick, 2
comfortable, 2
confused, 1
indifferent, 1
small, 1
right, 3
content, 13
productive, 2
convenience, 1
explain, 4
to, 3
power, 1
point, 1
must, 2
next, 4
conflict, 1
consuming, 1
present, 1
essential, 1
certain, 4
deal, 1
stated, 2
unfamiliar, 1
misleading, 2
flexible, 2
interested, 41
type, 1
think, 1
finish, 14
life, 1
he, 4
she, 4
high, 2
generation, 2
part, 1
useless, 1
nope, 2
design, 1
become, 1
rate, 1
prepare, 27
extra, 1
experienced, 1
taken, 1
kind, 4
self, 1
show, 4
accurate, 1
test, 2
informed, 1
train, 2
giving, 6
care, 1
his, 3
her, 3
trained, 2
usage, 2
adjust, 2
handle, 2
lagging, 1
thought, 2
till, 1
necessary, 1
absent, 2
correctly, 2
true, 6
real, 1
ease, 1
line, 2
disappoint, 1
provoke, 1
tell, 1
stuff, 1
half, 2
seen, 1
ability, 1
irregular, 1
reach, 1
sent, 1
emergency, 1
inform, 2
social, 1
media, 1
snob, 1
side, 1
grade, 3
mali, 1
perfectly, 1
sorry, 1
hand, 1
cover, 1
page, 1
align, 1
late, 2
complete, 2
head, 1
limit, 2
dead, 1
short, 2
justifiable, 1
spend, 1