good, 54
faster, 7
open, 33
working, 3
properly, 8
given, 21
smooth, 3
works, 6
first, 2
prefer, 1
user, 16
made, 21
easier, 4
smoothly, 3
quick, 2
room, 2
strong, 4
exam, 31
except, 2
wish, 2
speed, 3
capacity, 1
enough, 39
advance, 13
around, 2
thus, 1
condition, 1
proper, 2
upgrade, 1
took, 2
ready, 2
provide, 5
connected, 8
beautiful, 1
connect, 1
world, 2
nice, 4
clearly, 41
simple, 2
learn, 9
going, 2
give, 33
great, 4
manageable, 1
looking, 2
color, 1
better, 36
large, 1
handy, 3
improve, 2
promptly, 2
entertaining, 1
soft, 1
useful, 3
knowledge, 5
interesting, 8
boost, 1
source, 2
enjoy, 1
passion, 1
modern, 1
enhance, 1
important, 5
raise, 1
taking, 2
dout, 1
obtain, 4
instruct, 1
learned, 2
match, 1
mastery, 34
master, 3
amazing, 1
amazed, 1
encourage, 8
purpose, 1
graded, 1
inspire, 1
send, 1
receive, 15
progress, 1
feature, 1
proof, 4
received, 1
smart, 1
record, 1
accomplish, 23
accomplished, 1
amount, 2