I can easily log-in and log-out my Canvas account. (Please write your views relating your answer above.),I can access my course using the mobile Canvas app. (Please write your views about this relating to your answer above.),I can access my Canvas account using the available computers in JRU. (Please write your views about this relating to your answer above.),I have no issues accessing my Canvas account using the wired internet connection in the computer laboratories. (Please write your views about this relating to your answer above.),I can easily get help when I have problems with my Canvas account. (Please write your views about this relating to your answer above.),I can access my Canvas account outside JRU. (Please write your views about this relating to your answer above.),I can clearly understand the lessons on my Canvas modules. (Please write your views about this relating to your answer above.),I recognize that the modules in my course are well organized. (Please write your views about this relating to your answer above.),I can easily manage the navigation of the courses through the desktop version. .1,I can easily manage the navigation of the courses through the mobile app. (Please write your views about this relating to your answer above.),I notice that course materials on Canvas have connection with the face to face (classroom) lesson content. (Please write your views about this relating to your answer above.),I understand the lessons better with the help of course materials in Canvas. (Please write your views about this relating to your answer above.),Canvas course materials make me interested. (Please write your views about this relating to your answer above.),"The course materials on Canvas helped me prepare for: Face to face discussions, quizzes, major exams, assignments, forums, etc. (Please write your views about this relating to your answer above.)",My instructor knows how to use Canvas. (Please write your views about this relating to your answer above.),My instructor demonstrated mastery of the subject matter. (Please write your views about this relating to your answer above.),My instructor encourages me to use Canvas. (Please write your views about this relating to your answer above.),"Canvas has made it easy for me to: communicate with my instructor, receive class announcements, share ideas on group discussions","I can answer the assessment materials (quiz, exam) posted in Canvas. (Please write your views about this relating to your answer above.)","I find the course materials on Canvas aligned with the: quizzes, major exams, assignments, forums, etc.) (Please write your views about this relating to your answer above.)",I have been give enough time to accomplish the activities on Canvas. (Please write your views about this relating to your answer above.),POS
neutral,neutral,neutral,neutral,neutral,neutral,neutral,neutral,neutral,neutral,neutral,neutral,neutral,neutral,neutral,neutral,neutral,neutral,neutral,neutral,neutral,neutral
problems log,problem,problem,problem,problem,problem,problem,problem,problem,problem,problem,problem,problem,problem,problem,problem,problem,problem,problem,problem,problem,problem
problems,problems,problems,problems,problems,problems,problems,problems,problems,problems,problems,problems,problems,problems,problems,problems,problems,problems,problems,problems,yes problems,yes problem
dont problem canvas,easily login canvas app mobile app,access canvas account using available computers jru,dont problem internet connection,dont problem,dont problem,dont problem,dont problem,dont problem,dont problem,dont problem,dont problem,dont problem,dont problem,dont problem,dont problem,dont problem,dont problem,dont problem,dont problem,dont problem,dont problem
problems,access course,problem accessing canvas,dont issue,problem,problem,understand,easy recognize,manage,manage,noticed course material,understand lesson,im interested,course materials helped,yes teach us,yes demonstrate,encourage,communicate easy,problem,problem,problem,problem
problems logging,problems,sometimes trusted device,problems every thing fine,go help desk,yes course,im alone,every things fine,user friendly,user friendly,yes course,yes course,yah yah yah xd,yes course,navigate well,sometimes,provoke use,1 tap,easy access inside outside university,yes course,yes course,yes course
access problem,problem accessing course canvas app,problem accessing canvas jru computers,issue,fixed immediately course canvas cannot found,cant easily access outside jru,undestand,well organized,dashboard big help locate courses,problems,problems,understand,makes want learn,big help study,modules canvas,learn topic easily,teachers always says study home purpose canvas,send messages,problem,helps prepare examinations,give week deadline activity,give week deadline activity
good,application canvas,good,thats good thing good,yes easily took long,definitely yes,lessons well organized,thats said well organized well managed,yes fast,applications canvas due need data wifi,thats help much,face face,much knowledge,help raise hands,important know,good sometimes talked fast,always,yes really helps us,modules stated,yes,deadline every activities able us late,deadline every activity able us late
dont problems logging,easily know course given,yes computers higher support system,yes internet connection good laboratories,yes dept jru helps us,yes long internet,yes modules specified,sometimes yes sometimes,yes user friendly,yes indicates courses,yes materials canvas used face face,yes makes easy soft copy,user friendly type,yes canvas indicates due date notify something neede something updated,yes use easily,good teaching,yes every materials canvass,yes different kind forums use,yes still open,yes related course,sometimes know due date finish time,sometimes know due date finish time
problems logging,problems accessing course,problems accessing using canvas app computer,problems wired connections,yes easily get helped,problems accessing canvas outside jru,problems lessons canvas,easily recognize modules,problems managing navigation course,problems navigate mobile app,times sometimes,times,times makes interested,really help,experts,yes doctors,yes,yes makes easier,yes,yes find aligned,yes given enough time,yes give enough time
problem log lagout,easily access,easily access,issues,easily get help,easily access,clearly understand,easily recognize,easily managae,easily manage,yes noticed,understand alot,module lectures,helpul prepare,yes know use,sometimes meetings,yes especially read modules,easily used students,answer easily,yes find id easily,yes especially weekends,yes especially weekend
problems logging,problems accessing mobile canvas apps,problems accessing canvas account,issues accessing canvas,easily get help,sometimes cannot access canvas computer shop,clearly understand lessons canvas,problem recognize module,problem manage navigation,easily problem manage navigation,problem connection,understand lessons better,interesting using canvas,helps prepare,instructor knows use canvas,instructor demonstrated mastery subject matter,instructor encourages use canvas,canvas made easy,answer assessment materials,yes perfectly,give enough time accomplish activities canvas,give enough time accomplish activity canvas
problems comes logging canvas,problems using canvas app phone,problems access canvas account using computers jru,issues,issues,problem,problems,access modules every subject,issues,issues,issues tackle face face discussion,big help us,help lot,big help,know used,know lot,yes,convenient,agreat help,great help,takes time week submit activities,take time week submit activity
problem log,yes access course using mobile app,yes access canvas account using available computers,yes issues,yes easily get help,yes access canvas account outside jru,yes clearly understand lessons canvas modules,yes recognize,yes easily manage,yes easily manage,neutral,yes understand,yes make interested,yes canvas helped prepare,yes,yes,yes encourages use canvas,yes,yes answer assessment materials,yes find course materials canvas,yes,yes
problem log,sometimes cant access,acces canvas using free lab,issues,easily get help problem canvas,acces canvas outside jrui c,undestand clearly,recognize,easily manage navigation courses,easily manage navigation courses,problem,understand lessons better,canvas course materials make interested,course materials canvas helped prepare face face discussions,yes better,instructor demonstrated mastery subject matter,instructor encourages use canvas,canvas made easy communicate instructor receive class announcements,answer assessment materials,find course materials canvas aligned,give enough time accomplish activities canvas,give enough time accomplish activity canvas
problems logging logging,problems logging logging,yes access canvas account using available computers jru,issues accessing canvas account using wired internet connection computer laboratories,easily get help problems canvas account,access canvas account outside jru,clearly understand lessons canvas modules,recognize modules course well organized,easily manage navigation courses desktop version,easily manage navigation courses mobile app,notice course materials canvas connection face face classroom lesson content,understand lessons better help course materials canvas,canvas course materials make interested,makes prepare anything,instructor knows use canvas,instructor demonstrated mastery subject matter,instructor encourages use canvas,canvas made easy communication,answer assessment materials quiz exam posted canvas,find course materials canvas aligned everything,give enough time accomplish activities canvas,give enough time accomplish activity canvas
yes easily log log account canvas,really access course using mobile phone app,yes access canvas account using available computer jru easily use,issues accessing canvas account using wired internet connection computer laboratories,easily get help problem canvas account,access canvas account outside jru,clearly understand lessons canvas modules,recognize modules course well organized,really easily manage navigation course desktop version,easily manage navigation courses mobile app,notice course materials canvas connection face face classroom lesson content,understand lessons better help course materials canvas,canvas course materials make interested,course materials canvas helped prepare face face discussions quizzes major exams assignments forums etc,instructor knows use canvas,instructor demonstrated mastery subject matter,instructor encourages use canvas,canvas made easy communicate instructor receive class announcements share ideas group discussions,answer assessment materials quiz exam posted canvas,find course materials canvas aligned quizzes major exams assignments forums etc,give enough time accomplish activities canvas,give enough time accomplish activity canvas
problem logging canvas account,access easily mobile canvas app,problems using available computers jru,issues since wired possibility disconnection low,itbl approachable,problem accessing canvas account outside jru,modules well organized,easily manageable,problems desktop version,problems mobile app,modules related lesson,view modules class anytime,canvas course materials interesting,review modules,instructor well informed know using canvas,instructor knows teaching,instructor always gives us task canvas,need communicate instructor canvas made easy,answer time,easily find course materials,time given lot complete activities,time give lot complete activity
problem loggin canvas account,yes access course using mobile canvas app,yes access canvas account using available computers jru,yes issues accessing canvas account using wired internet connection computer laboratories,yes easily get help problems canvas account,yes access canvas account outside jru,yes clearly understand lessons canvas modules,yes recognize modules course well organized,yes easily manage navigation courses desktop version,yes easily manage navigation courses mobile app,yes notice course materials canvas connection face face classroom lesson content,yes understand lessons better help course materials canvas,yes canvas course materials make interested,yes course materials canvas helped prepare face face discussions quizzes major exams assignments forums etc,yes instructor knows use canvas,yes instructor demonstrated mastery subject matter,yes instructor encourages use canvas,yes canvas made easy communicate instructor receive class announcements share ideas group discussions,yes answer assessment materials quiz exam posted canvas,yes find course materials canvas aligned quizzes major exams assignments forums etc,yes give enough time accomplish activities canvas,yes give enough time accomplish activity canvas
easy use,easily access course using mobile canvass app,easily access canvass gmail account,issues internet connection,absolutely,issues situation,clear simple,modules well organized simple,easily manage,issues navigating courses mobile,easily notify course materials,issues situation,easy downloaded,helps review taking exams,lecture based canvas,professors demonstrated well lectures,answering forums activities,beacuse seen progress,time,issues situation,plenty time,plenty time
problems login,problems accessing mobile canvas app,problems accessing canvas account,issues accessing canvas account,problems canvas account,problems accessing mobile canvas outside jru,problem lesson canvas,problem,problem,problem,dont connection classroom,problem,problem,problem,problem,problem,problem,problem,problem,problem,problem,problem
problems logging,using mobile app still using web version sometimes cannot use canvas app technical problems,problems accessing canvas account computer laboratories,internet connection good experiencing difficulty logging,itbl open times support inquiry,canvas account accessible wherever long internet connection available,modules slides helpful,sorted according date uploaded,interface smooth user friendly,using mobile app using web version,modules explained face toface discussion,notes easy understand,facts modules boost interest reading,guide next topics also useed reviewers recitations,problems using canvas,uploaded necessary quizzes modules subject,quizzes activities uploaded canvas always using,best communication platform students professors,exams quizzes handy,materials connected assessments given professor,completion time long enough complete activities,completion time long enough complete activity
problems log,easily use hard open account app,open lab free use easily access canvas account,access canvas account laboratories,contact professor encounter problems canvas account,easily use internet home,good canvas account read modules lesson course help,every week see date weekly check modules canvas,easily manage navigation courses desktop version,easily manage navigation courses,help productive face face leson,understand lessons better help course materials canvas,canvas course materials make interested,module canvas ican download read understand,every time professor teach canvas module,instructor demonstrated mastery subject matter yes,instructor encourages use canvas productive quiz exam lesson,kind,even professor give us quiz side jrui easly answer,comment sorry,give enough time accomplish activities canvas please,give enough time accomplish activity canvas please
problems logging logging,problem mobile canvas app access,computers running smoothly,wired internet connection issues problems,yes profs accomodating,problem accessing canvas outside jru,everything need modules,super well organized,yes easy access courses desktop version,yes easy access courses mobile app version,yes notice course materials canvas connection face face,yes understand lessons better help course materials canvas,yes canvas course materials make interested,yes course materials canvas helped prepare face face discussions quizzes major exams assignments forums etc,yes instructor knows use canvas,yes instructor demonstrated mastery subject matter,yes instructor encourages use canvas,yes canvas made easy communicate instructor receive class announcements share ideas group discussions,yes answer assessment materials quiz exam posted canvas,yes find course materials canvas aligned quizzes major exams assignments forums etc,yes give enough time accomplish activities canvas,yes give enough time accomplish activity canvas
easily logging,yes mobile easy access,yes easy,yes issues,yes easy get help canvas,yes easy wifi,yes easy undersand learn,yes well organized,yes buttons easy,yes buttons easy,yes use full,yes undersand lesson well,yes futurestic,yes easy get help department,yes well train person,yes well train person,yes teacher,yes beacuse contact,yes take quiz anyware,yes easy,yes beacause take time,yes beacause take time
easily log log canvas account faster internet,compatible mobile phone,lot computer inside laboratory,yes reliable faster,yes staff approachable,yes registration account given staff jru,highlighted topics,modules arrange sequence events,compatible,well organized,yes day proctor discuss modules posted canvas,helps prepared,well organized modules,extra knowledge task,major,know delivered topics well,able answer quiz activity,yes application,well announce date posted,related subject,proctor given us activity announce canvas,proctor give us activity announce canvas
problem app,accessing course fine,problem concern,issues accessing canvas account,easy aid problems canvas,problem accessing outside university,clearly understand lesson canvas,modules course well recognized,navigation course easily managed,easy manage navigation courses app,good connection course materials canvas,help app easily understand lessons better clearly,help canvas clearly found interesting,said set materials canvas helped prepared,nothing wrong instructor using canvas,instructor great demonstration mastery subject matter,instructor encourages us use canvas,easy communicate receive announcements also ability share ideas group discussions help canvas,answer assessment material canvas,quizzes major exams tasks canvas well aligned,accomplished task activities canvas time,accomplish task activity canvas time
problems logging,using canvas app yet fixed sometimes subject new activity notifications popping,problem pc,problem accessing canvas account using wired internet connection,yes someone help professors assist us also,yes easily access problem logging,yes prof discussed well,courses well organized,yes,yes,course connection,yes help course materials canvas,courses detailed,yes,instructor knows use canvas,instructor demonstrated mastery subject matter,yes updated new acitivities,yes,yes,easy,give enough time accomplish activities canvas,give enough time accomplish activity canvas
everything good faster,sometimes cooperating,yes easy log computer laboratory,yes issues jru provides best computer laboratory,always ask first teacher problem accounts,account always asking verification cant open phone number using canvas old phone number phone stolen,yes provided,always recognize teachers,yesss,yes always easy mee,always connected,canvas uploaded,super interested given,better personal discussion,teachers knows,yes know discuss subjects,yes becuase needed,time,yes im always updated,always find,yes im using free lab use time answers activities,yes im use free lab use time answer activity
problem within log log,problem access canvas using mobile phone,easy access usable canvas using computers jru,issue accessing canvas account using wired internet connection computer laboratories,easy get help something wrong canvas,access canvas account outside jru,yes easy read organize lessons module,easy recognize topic modules well organized,yes easy identify course need tap click,easy recognize manage navigation courses mobile app,yes lecture laboratory topics connected lessons,easy understand lessons canvas help course materials,yes interested easily understand organize well materials canvas,yes advance reading home study prepare quizzes major exams etc,yes know use canvas,yes good demonstrated subject easily understand,yes ecouraging use canvas help something wrong happens,easily communicate instructure see announcements prof,easily answers assessment materials using canvas,find easily course materials canvas majors exams assignments etc,yes enought time accompish activities,yes enought time accompish activity
like activity,yes time,like activities,sometimes,yes,yes submit activity,yes reading,yes subject,yes,yes easy,yes additional,yes review,like exam,yes well,yes every lecture,well,yes like view,yes useful,yes easyly use,sometimes,sometimes,sometimes
easily log log problem,problem used mobile canvass,access canvass account time need used especially lot activities review lesson subject,issues connection fast,problem canvass account,access outside main gate,sometimes cannot understand,problem modules,problem,problem,class activities,without undestand,canvass materials make interested easy used,using canvass good,good used,professional,required used,problems,problems assesment materials,sometimes find course materials canvass,sometimes cannot passed activities,sometimes pas activity
neutral,neutral,neutral,neutral,neutral,neutral,neutral,neutral,neutral,neutral,neutral,neutral,neutral,neutral,neutral,neutral,neutral,neutral,neutral,neutral,neutral,neutral
yes log log canvas account easily,mobile app lot bugs,yes couirse,issue wired best,dont experience,yes internet,yes organized,yes organized,yes desktop version good,mobile app lot bugs,yes,yes,yes,yes canvas helps lot,yes knows,yes master,yes time,yes message feature,yes answer smart,sometimes aligned,dont enough time dont 1 subject give time deadline,dont enough time dont 1 subject give time deadline
sometimes internet connection slow,agree although bugs help access files anytime anywhere,sometimes internet connection slow,sometimes internet connection slow,approachable professors student assistants ready help,phone internet access anytime,detail oriented modules helps understand,sometimes,agree,also agree much handy,matter matter canvas brings convenience us students,agree detailed,everytime,agree experienced taking exam taught module,agree always remind us quizzes activities needed done,yes especially programming,always lessons read,times messaged constructor get reply,agree,agree,sometimes timer fit items answer,sometimes timer fit item answer
yes ican easily log log canvas account,yes access course using mobile canvas app,always access canvas account using available computers jru,issues accessing canvas account using wired internet connection computer laboratories,yes easily get help problems canvas account,always access canvas account outside jru,modules lessons canvas easy understand,recognize modules course well organized,easily manage navigation courses desktop version,easily manage navigation courses mobile app,notice course materials canvas connection face face lesson content,understand lessons better help course materials canvas,canvas course materials make interested,helps lot,yes instructor knows use canvas,instructor demonstrated mastery subject matter,instructor encourages use canvas,easy communicate instructor receive class announcements share ideas group discussions,answer assessment materials quiz exam posted canvas,find course materials canvas quizzes major exams assignments forums,yes give enough time accomplish activities canvas,yes give enough time accomplish activity canvas
yes access log,sometimes compatible browser phones,yes specially open laboratory,times signal fluctuating,yes assisting itbl office canvas concerns,yes,sometimes,yes full coverage lessons subject,yes,yes internet connection stable,sometimes lesson different lesson tackle classrom,yes practice learning materials,source lesson summary,yes give information course,yes giving right task us,giving us lesson need learn,answering quizzes forums,yes announce well,yes inform us,yes well organzed,sometimes prof adjusting time,sometimes prof adjusting time
internet sometimes slow,internet slow,computers always availabe,yes dont issue,searching net,home,help powerpoint presentation,yes organized,wide screen,sometimes slow internet,somehow related,canvas helpful,easy use,easy access,knows well,times,always tell us open canvas,helped communicate instructor,answer quiz exam,sometimes quizzes modules,need 1 month tbh,need 1 month tbh
sometimes internet slow,rather use internet browser mobile app,use open lab access canvas account,faster wireless internet connection,know go problem canvas account,unless internet,using powerpoint presentation,sort week,use mobile application,use mobile application,modules,access anywhere,motivating,easy access anywhere,required,hard study teacher know talking,easy access,instructor replying canvas,want notification deadline,modules canvas reviewer,need notification deadline,need notification deadline
yes easily access canvas account,always use mobile access canvas app works really well,computer inside lab jru works fine accessing canvas,sometimes wired internet connection slow thus projects activities really stressful,department handles concern timely manner,good internet connection acceptable computer,easily accessed,well organized indeed,courses sometimes showing canvas courses tab,yes works fine,depends professors,good job professors,yes fun activities may suggest,long canvas material available help students lot,yes time maybe new professor guess need time get used canvas uploading system,time,always use canvas,always forum subject however time irregular students included forum,yes access time,always aligned tasks hand,time yes,time yes
computer internet fast us log logout easily,easy us even school able access canvas acc,easily access account computer lab,yes problem lin log logout canvas,student assistant laboratory problem able call ask help,easy us even school able access canvas acc,yes lessons canvas,yes already fix,yes easily manage,yes easily manage navigation,yes yes yes yes,yes help course materials canvas easily access,yes im interested,easily answers questions,yes always use canvas laboratory activities,yes,yes laboratory activities must sumbitted canvas,yes canvas inbox us able communicate classmates,yes prof putting quiz date able answer time,quiz exam activities date canvas 1 week able sumbit,yes,yes
easily login internet slow open account,access app slow,computers internet connection pc slow,even use accounts phones still slow,yes someone guide,problem,sometimes difficult see modules fully organize,organized well sometimes get notifications subs,site needs user friendly easier use,app version nice,notice,helps alot,think much better put subjects main timeline us easily see subjects,sometimes get notifications quizzes etc,better prof knowledge canvas profs care students,prof knows teach amazing prof,prof always makes us use canvas prof quizzes everything,share ideas,sometimes always get notifications,exams notify us,know still time app even notify us,know still time app even notify us
easily modify,lab units slow,easily access canvas account units jru,sometimes units jru internet connection issue,takes long time get help,yes canvas jru students,lessons canvas easily modify title,easily recognize title,yes canvas well compromised,yes canvas well compromised,depends prof,yes understand lesson better course materials helpful,yes canvas user friendly,helps review previous lesson taken,subject instructor applicable using canvas,yes demonstrate subject matter,every meeting always told us use canvas,yes canvas made easy share opions group discussions,yes quiz exam take compromised,find course materials canvas see title,give enough time accomplish activities canvas,give enough time accomplish activity canvas
internet connection inside jru poor,able online activities,sometimes laboratories available,wired connection slow sometimes,people h201 willing help anytime,mobile app downloaded,sometimes ppt designs irritating,sorted time,desktop version easier mobile version,dashboard easy use,discussion online sync face face,course materials provided canvas essential learning process,powerpoint touches interest finish reading material,contents canvas used face face,trained,provides good scenarios,yes everytime,forums enables us talk online,yes access code provided,materials aligned teachings instructor,yes always give us enough time,yes always give us enough time
internet time slow,yet downloaded application,yes sometimes slow access,sometimes internet slow,dont usually get problems account,yes home,understand lessons canvas,yes clearly organized,yes sometimes slow,yet downloaded application,yes connection,yes useful,makes interested,helped lot,knows well,demonstrated mastery subject matter well,every meeting encourages us,canvas always updated,answer time,aligned clear,give us enough time answer,give us enough time answer
strongly agree easily log log canvas account,access course using mobile canvas app,strongly agree access canvas account using available computers jru,issues accessing canvas account,yes easily get help problems canvas account,yes access canvas account outside jru,yes clearly understand lessons canvas modules,strongly agree modules course well organized,yes easily manage navigation courses desktop version,yes easily manage navigation courses mobile app,yes notice course materials canvas connection face face classroom lesson content,yes understand lessons better help course materials canvas,yes canvas course materials make interested,strongly agree course materials canvas helped prepare face face discussions quizzes major exams assignments forums,instructor knows use canvas,strongly agree instructor demonstrated mastery subject matter,instructor encourages use canvas,strongly agree canvas made easy communicate instructor receive class announcements share ideas group discussions,yes answer assessment materials posted canvas,strongly agree find course materials canvas aligned quizzes major exams assignments forums,strongly agree give enough time accomplish activities canvas,strongly agree give enough time accomplish activity canvas
easy log log account encounter problem far,really disappointing mobile app canvas installed phone direct site school immediately also lot features using phone,problem far accessing canvas account using jru computers,fine time sometimes examination connectivity internet slow,sa inside open laboratory approachable,open account using browser phone,modules help deeper understanding towards topic,modules well organize easily see modules per term,conveninent whenever use desktop version,mobile app disappointing,questionare quizzes contains lessons discuss module,also use reviewer,dont like module contains lot texts sometimes irritated reading reading long texts,help use reviwer,knows topic discuss sometimes give better example student understand,knows subject matter really well,choice subject blended learning,reach teacher classmates easily,help modules,everything discuss modules,deadlines ok,deadline ok
easily access log log account anytime anywhere,access wherever,access openlab availabe,easily access using wired internet connection,go 211 help,pass assignment everywhere,search anything google,easily find easily,easily access,sometimes mobile app working,easily understand lesson reading inadvance,advance reading face face lesson,really help enjoy college life,study advance,instructor really know use canvas need pass requirements online always wanted hard copy comfortable using especially elder teachers,teach us well,need take quiz make assignment canvas really encourage use,communicating instructor replying canvas,easily access,need answer canvas minimal paper works answer face face,open quizzes etc head time,open quiz etc head time
yes easy connection problem,yes able,yes access canvas computers sometimes computers available,yes good,yes office always something,yes online,yes precise,yes displayed big icons,yes much easy,sometimes canvas let log,yes,yes study everywhere want long internet connection,yes sometimes much activities,course materials canvas helped prepare kind things,yes instructors prof use canvas,yes instructor demonstrated mastery subject matter,yes need activities posted,yes usually communicate prof,yes internet connection,yes find course materials canvas aligned quizzes major exams assignments forums etc,yes time limit,yes time limit
still encounter problems terms log log,canvas app easy download easy use,computers stable internet connection use canvas,internet connection computer laboratories quite slow sometimes hard access canvas takes long time opening canvas,itbl always available problem canvas,since canvas application phone access easily,powerpoints lessons canvas pleasing eyes easy understand,modules organized per term easy identify lessons need study,using desktop version canvas easy manage easy use,comfortable using canvas mobile application,every lecture day lessons taught available canvas,since visual learner better course materials canvas,canvas course materials interesting videos powerpoint available us understand,lessons needed major exams available canvas,professor knows access canvas,professor knows well subject matter giving alternative explanations,professor always reminds us check canvas every time meet,easy communicate professor classmates using canvas,quiz exam canvas notify email account reminded answer,lessons cover examinations available canvas,activity open 1 week enough time finish,activity open 1 week enough time finish
dont hassle problem log log,good access course using phone,everytime available computer problem,sometimes good sometimes,encountered problem canvas still good,good even inside campus still access canvas,question im going canvas modules aswer already,look good dont problem find work,better easly see using desktop version,yes easily access using mobile phone good even dont laptop desktop still access,nice students advance learning,another question easily look modules,sometimes yes sometimes still depend person interested,easy used dout pass lecture next time already know right answer,know see lecture day,yes good speaker,yes teacher,using canvas instructor update us every time anytime anywhere,yes already posted,yes aligned log canvas,dead line,dead line
strongly agree easily access account,access course using application,yes access account using available computers,yes issues using account wired computer,yes sometimes get help encounter problem canvas,yes may canvas account accessible outside jru,yes lesson canvas learning course,professor organize module well,yes easily navigate course desktop version,yes navigate course mobile application,yes relation face face lesson class,yes understand lesson better uploaded advance,yes makes interest easily access lesson use canvas,yes helped prepare things,yes instructor know use canvas well,yes mastered subject matter,yes encourage use canvas activity uploaded canvas,canvas good application comes discussing subject matter,yes answer things uploaded canvas,yes aligned lesson subject,yes task uploaded advance enough time finish task,yes task uploaded advance enough time finish task
access canvas account without problem,access course using mobile canvas app first second week semester,yes access canvas account using available computers jru without problem,yes issues accessing canvas account using wired internet connection laboratories inside jru,disagree easy get help canvas account takes weeks get notice complain account,strongly agree access canvas account outside jru without problem,yes clearly understand lessons canvas modules,strongly agree modules canvas app well organized,yes easy navigate courses desktop,agree sometimes still get confused using canvas mobile version,yes course materials canvas connections inside classroom discussions,agree lessons helps better help canvas,strongly agree lessons makes interested help canvas,course materials canvas help lot prepare classroom activities,disagree encounter two instructor know use canvas,agree instructor demonstrate mastery subject teaches,yes every instructor encourages us use canvas,canvas helps us communicate instructor classmate organized one website,organized announcements answer quiz exam posted canvas,modules canvas connections quizzes major exams assignments,yes given enough time teachers still accepts late activities,yes give enough time teacher still accept late activity
computer slow respond,yes fast access course using mobile app canvas,yes computers slow respond,area slow internet connection,yes easly get help problems canvas,problem im using canvas account outside,problem,problem,forum courses appear dashboard,forum courses appear dashboard,yes helpfull,yes helpfull,really helps,really helps,yes,yes,yes super,yes,quiz forums notify,helpful,neutral,neutral
sometimes hard log log canvas account inside campus internet connection,easy access course using canvas app always bring phone,computers well maintained problem logging canvas account,yes issues accessing canvas account using wired internet connection,account problem easily ask help canvas account office,access canvas account outside campus canvas mobile version app,yes modules organized prepared,yes recognize modules course well organized,easily navigate modules desktop version mobile app,easily navigate modules desktop version mobile app,neutral,yes really helps course,neutral,course materials helps alot,yes instructor knows canvas,neutral,instructors always reminding us check canvas everyday,neutral,neutral,yes well organized,yes well organized,yes well organize
yes access time easily,access using phone,yes access canvas account lab room,sometimes cant access wi fi weak,yes easily get help h211,yes easily access wifi,angree cause sometimes dont understand go google search,yes organized canvas per week module,dont easily access,yes phone know,prof didnt explain us lesson cant understand,sometimes time cant understand,angree cause dont want read,yes sometimes time help self,teacher dont know use,neutral,really,cannot disscussion colaboration us fb account,neutral,neutral,neutral,neutral
yes easily log canvas always laboratory,yes always visit canvas canvas easily log google accout,yes internet fast,sometimes answer activity,yes professor know canvas,sometimes computers needs verification account,teach us modules,always modules organized,always sometimes open canvas desktop,hard manage complicated,yes prof always use modules projectors teaching,sometimes open canvas read modules,high tech generation,sometimes open canvas times,yes teach us use,sometimes becasue sometimes prof absent,choice,subjects,yes always prof always remind us,yes home page see activity,time short,time short
easily log account,differences web app choice web app,theres pc jru poor log,pc old pc theres poor internet connection,never go help theres problem help,using web rather use web app,sometimes give example studnet iscan easily undestand example,yah yah yah,yes uyesh,never tried,yes,yes yes,yes,yes coz take outside help others wroker student,yeh,yah,yah,yahh help announcing,yes,yes,sometimes,sometimes
hassle log log canvas account,easily access mobile canvas app good use,every time log access easily computers jru,times internet connection laboratories poor,access account easily problem help someone,internet connection access account outside campus,understand module canvas files needed,well module canvas well recognize,easily access canvas,internet connection easily manage navigationj course,agree good study face face,yes much better help course materials canvasm understand clearly,yes lot course materials needed course,help course good kind materials,instructor know use canvas properly,demonstrate clearly properly,yes encourage use canvas course,help lot,easily access canvas,helps lot,helps lot better,help lot well
computers working properly,easily access course account mobile app,available computers jru accessible accessing account student,sometimes internet slow takes minute log especially examination,student assistant help immediately whenever question problem account,access account outside jru using canvas app,information canvas needed futher explanation clear message lessons,lessons organized week going tackled class,easy navigate courses using desktop,sometimes things able see mobile app desktop,whatever lesson read canvas connection tackling face face discussion,read lesson anytime app,interested know things canvas use properly navigate,helpful especially reciatation lesson tackling also connected lesson canvas,instructor always prepare something canvas,able understand instructor sometimes,lot canvas course instruction always remainding us check canvas activities quizzes,using canvas message instruction whenver question also communicate classmate especially groupings,quiz giving us certain time answer,question quiz exam related,given certain amount time finish activities canvas,give certain amount time finish activity canvas
easily log log pc especially home canvas alright use,canvas app use everywhere,yes access canvas every computer jru access account,sometimes access account sometimes jru internet connection slow even laboratory,yes problem canvas go department access account,yes access canvas everywhere especially home atleast internet connection,sometimes access canvas sometimes understand lessons courses,organize log see modules,every easy manage navigation desktop mobile,like canvas mobile desktop better mobile,yes connection face face,sometimes log understand lesson well,yes canvas makes interested,module reviews,yes professor teacher know use canvas,instructor demonstrate subject well,yes instructor encourages us use canvas help us understand lesson well,instructor sent us announcement emergency inform faster,yes answer assessment materials,yes show assessment material quizzes,sometimes time limit,sometimes time limit
yes easily logi log account canvas,canvas application easy access,yes access canvas account computers jru strong internet,easy access canvas application wired internet connection fast,yes searching problem,yes account download application search website,yes admin professor upload modules download,agree sometimes professors upload module gonna discuss room,mobile phone,yes handy easy pick,sometimes professors power point connected ppt,sometimes professors discuss lessons canvas,yes,yes answers activities quizzes exam miodules,agree seniors know use canvas,yes explain well,stuff,yes today generation easy communicate using social media,yes professor give passcode,yes,yes one week sometimes hour,yes one week sometimes hour
yes easily log log canvas account problems really,yes access canvas app still prefer using browser open canvas account faster performance,plenty available computers open lab however concern performance computer,nothing really problem performance computer open lab,agree,yes access canvas account regardless location concerns,yes since use powerpoints pdf files stimulated interest learning lessons,find modules well organized since dates specified modules numbers indicating topics,yes easily manage,really due smaller screen,yes since jru offers blended learning,yes modules well organized,yes canvas course materials stimulated interest learning,yes although questions quiz exam included modules given instructor,yes whenever face face discussion instructor easily access module,yes instructor clearly explain topics related module discussed,really,yes whenever forum discussions,yes,said questions quiz exam module,yes since instructor gives tasks prior deadline,yes since instructor give task prior deadline
easily log log account canvas fast loading,strongly agree access account dicussions etc,access account canvas especially open lab,issues accessing canvas account,easily get help problems canvas account easily go office fix account,access canvas account outside jru using mobile phone,times clearly understands lessons canvas modules,yes well organized modules course,easily manage navigation courses desktop version,easily manage navigation courses mobile app,connection face face course mateials,helpful understand lessons course materials ith,makes interested helpful course materials course,yes helpful course course materials take reviewer improve past requirements incoming tasks,yes prepared learned usage canvas face students,instructor demonstrated mastery subject matter,using canvas encourages works tasks graded get high scores,instructor made easy coomunicate,answer assessment materials,find course materials canvas aligned,yes posted activities due date,yes post activity due date
cannot easily log log canvas account,cannot access course using mobile canvas app,cannot access canvas account using available computers jru,issues accessing canvas account using wired internet connection computer laboratories,easily get help problems canvas account,access canvas account outside jru,clearly understand lessons canvas modules,recognize modules course well organized,easily manage navigation courses desktop version,easily manage navigation courses mobile app,notice course materials canvas connection face face classroom lesson content,understand lessons better help course materials canvas,canvas course materials make interested,course materials canvas helped prepare face face discussions quizzes major exams assignments forums etc,instructor knows use canvas,instructor demonstrated mastery subject matter,instructor encourages use canvas,canvas made easy communicate instructor receive class announcements share ideas group discussions,cannot answer assessment materials quiz exam posted canvas,items quizzes major exams discussed written module,activities easy,activity easy
computer internet connection alright,account redirection fast far problem accessing,computer performance really ok accessing jru canvas,connection laboratory stable,office approachable anytime,problem accessing account inside outside jru stable,app downloads one module e g pptx docx pdf downloading accessible via local storage although shows download finished,professors organize modules,problem accessing far,functions desktop mobile app makes indifferent mobile users,related face face lessons blended learning,sometimes lessons far modules,sometimes make mistakes clearly course took passion,quizzes exams show modules,professor really know,sometimes prepared projects tasked us handle,modules canvas,sometimes professor even know,access mobile sometimes,sometimes,take finish give time,take finish give time
easily access account,installed notification entire week,access easily using jru computers,access account computer laboratories,easily go h211 problems canvas account,access canvas easily ever go data connection mobile device,also ask classmates understand,organized weeks canvas,easily access version desktop,mobile app quiz accessible,must read lesson advance next meeting prof ask question clarification,retrieve lessons forgot keywords,interested access anywhere,easily quiz suspension,message instructor canvas online,mastery subject important,instructor use canvas,easily message instructor group mates announcement,easily access quiz code access,easily quiz exam easily record,yes reminds mobile phone,yes reminds mobile phone
easily access account canvas,access course mobile application easily,easy access canvas account using computers jru,access account using wired internet connection easily,office provide needs help canvas account,easily access canvas account outside jru,canvas provides conducive environment learning modules clearly understand lessons,modules courses enable advance study,navigation easy canvas desktop version,navigation mobile app desktop navigation experience,online learning combined face face makes learning better,helps us simulate certain situations deal,course materials make modules intersting,helps clearly understand modules,instructor knows use canvas adjust materials match needs class,mastery subject important teaching,instructors utilize canvas extent,sending mails canvas makes easy communicate,answer assessments time available,align test understanding modules,given week two finish activities,give week two finish activity
encountered difficulty logging canvas account far,see problem accessing course module using mobile canvas application,encountered difficulty logging account using available computers jru far,circumstances connecting wired internet connection troublesome,h211 open student facing problem canvas account,encounter difficulty accessing canvas account outside jru,visual presentations studying effective agree,easily navigate module looking specific lesson lecture material,desktop version canvas app well designed,encountered difficulty navigating courses mobile app,discussions related uploaded inside course module,stated visual presentations effective studying,informative enough,course materials provide information enough us prepare,easily adjust content,show mastery subject based discusses lecture,reminds us every lecture,answering forums example sharing ideas group discussions,encountered difficulty answering assessment materials,content provided course materials aligned exercises,amount time given us accomplish activities justifiable,amount time give us accomplish activity justifiable
website canvas okay logging,convenient,many available computers students convenient,issues became problem,well sometimes easily get help especially take quizzes code gave wrong,convenient even jru still use canvas,understand somehow instructors need brief lessons modules canvas,okay especially color coding,yes,yes,neutral,disagree agree sometimes,yes,yes sometimes forgot published modules reviewer,know use canvas instructor know use canvas,yes,said important,yes,yes help modules,yes,yes gave us 1 week submit activities,yes give us 1 week submit activity
strongly agree problem encountered log log account,strongly agree easily access course view using mobile app,strongly agree problems access canvas account available computers,strongly agree issues access canvas account using wired connections available computers,agree time get help developers,agree connection home sometimes canvas account inaccessible outside,agree time lessons canvas taught face face,agree subjects proper organized modules,strongly agree ui user friendly,strongly agree ui user friendly,agree time,agree time take face face,agree part uninterested,strongly agree agree subjects accurate using canvas,strongly agree professors information technology professors need know use properly,strongly agree required master subject matter,strongly agree requirement,answers disagree professors snob answering questions,yes strongly agree problems,problem,problems,problem
yes logging account operated quickly,yes access activities modules without internet connection,yes sometimes laboratories vacant use exam week,times internet connection open lab slow students use facebook youtube etc,times cannot comply professor whenever technical difficulties canvas activities,yes mobile data available use access,modules applicable quizzes subjects,modules covered terms,desktop version easy navigate including activities using list view,yes upcoming activities list view similar desktop version,professors using different module related topic canvas,depends modules canvas used professors lecture time,yes sometimes useless professors use modules outside canvas,terms quizzes exams,yes make use canvas app properly,yes,yes required 50 grades,nobody replies messages sometimes messaging canvas blocked,times activities visible dashboard,neutral,deadlines short subjects,deadline short subject
access account easily whenver internet connection,strongly agree question access canvas search engine mobile phone nevertheless canvas application download mobile phone,strongly agree jru internet access anywhere campus except gym,sometimes canvas update trouble accessing canvas,strongly agree canvas problem visit office report problem,strongly agree homework take home quiz sometimes open canvas home connect internet,modules inside canvas like tutorial easily understand lesson every module sometimes got lazy visiting canvas,strongly agree sometimes course canvas post modules sometimes modules well organized,yes jru internet access everywhere,yes jru internet access everywhere,yes connected lecture days conflict online module,strongly agree,modern world online learning interested manual like,cna review prof discuss lecture days review online module home,knows well use canvas lecture days even bring laptop view modules,yes master java language amazed knowledge,becuase announcment online quiz lab exercises,email easily proof canvas recieve class announcment immediately ahving forum discuss thoughts lessons,email easily proof canvas recieve class announcment immediately ahving forum discuss thoughts lessons,email easily proof canvas recieve class announcment immediately ahving forum discuss thoughts lessons,email easily proof canvas recieve class announcment immediately ahving forum discuss thoughts lessons,email easily proof canvas recieve class announcment immediately ahving forum discus think lesson
strongly agree steps logging logging given us since entered jru,strongly agree mobile application user friendly easy use,strongly agree lots computers available jru always use access canvas account,sometimes internet connection slow,strongly agree always ask help support office,strongly agree available anywhere anytime long internet connection mobile data,strongly agree lessons outlined way understand,sometimes organized well,strongly agree interface desktop version easy use,strongly agree interface mobile app easy use,lessons discussed promptly professor way understand,lessons discussed course materials,course materials easy understand,discussions quizzes exams course materials sometimes forums assignments quite related,notifications assignments forums quizzes etc,explains subject matter way understand,instructor promptly encourage us answer assignments forums etc,usually use canvas way communication receive every notification usually use share ideas,yes notifies us deadlines,exams aligned course materials sometimes assignments forums,activities open week enough us,activity open week enough us
yes log account ever want,application mobile canvas hard use many bugs,slow internet access jru canvas,even wired internet connection slow access canvas,ask professor around home cant get help problems encounter,verification account always popping whenever access jru canvas account outside campus,sometimes understand someting dont know need search internet reference,yes recognized easily understand module looking,destop easy use compare mobile application,yes accessing modules many bugs,yes connection topic lessoned module,canvas needs search answer,nope makes lazy task,quiz test task cant found course materials,proff old sometimes seems ask student task,yes know teach,yes use canvas give task,reveive announcements share ideas group,yes needs answered,much hard identify next task given,time spend given time,time spend give time
easily log log canvas account using cellphone computer open canvas account,access course using mobile canvas app easily open canvas account,access canvas account using available computers jru pass activities assignments forum quiz,issues accessing canvas account using wired internet connection computer laboratories internet connection fast,easily get help problems canvas account easily solve problem problems canvas account,access canvas account outside jru pass activities assignments forums quizzes,clearly understand lessons canvas modules need read earlier lecture understand clearly lecture,recognize modules course well organized easily understand modules course,easily manage navigation courses desktop version easily use canvas,easily manage navigation courses mobile app easily use canvas,notice course materials canvas connection face face classroom lesson content easily understand lesson less consuming time,understand lessons better help course materials canvas understand lessons thing,canvas course materials make interested learn course,course materials canvas helped prepare face face discussions quizzes major exams assignments forums etc yes helped prepare easily answer things,yes also one teaches us use canvas,yes instructor demonstrated mastery subject matter easily understand lesson,yes instructor encourages use canvas read answer lesson,yes talk canvas,yes answer assestment materials pass grade matter,easily find need check answer,yes give enough time accomplishthe activities canvas pass grade subject,yes give enough time accomplishthe activity canvas pa grade subject
yes easy logout log,canvas features possible,yes,canvas features possible slow internet,support slow many saying problem solve issues,yes online,yes understand everything modules,yes understand module courses,yes user friendly,yes user friendly,sometimes provide information users,sometimes provide information users,learn enhance design colorless,able assist since although unable obtain information,canvas user friendly,yes quizzes forums answer correctly,yes quizzes forums answer correctly,able assist since although unable obtain information,able assist since although unable obtain information,able assist since although unable obtain information,able assist give message activities canvas,able assist give message activity canvas
fast process,sometimes cannot access,yes access faster,issues,yes easily get help,sometimes access app application depends internet sometimes,yes clearly understand,yes clearly recognize,yes easily manage,yes easily manage,yes agree,yes clearly understand,yes makes app interesting,yes agree,yes,yes clearly,yes instructor encourages,yes helps lot easily access topics discussions,yes answer easily,yes,yes gives time finish certain task,yes give time finish certain task
login logout process easy,download mobile app use canvas using laptop pc,access canvas account using available computers wish internet speed upgraded,internet connection fine wish internet speed upgraded,department helpful,canvas accessed outside jru makes convenient students like live areas outside mandaluyong,canvas modules holds informative reliable information,modules canvas well organize displays time publishedd,course tab large icons text make visible,navigation mobile app slightly difficult screen phone small,lessons entertaining,course materials provided canvas informative,course modules contains interesting,canvas calendar helps prepare study upcoming activities,instructor knows use canvas properly,instructor knows subject well,instructor encourages us use canvas learn,canvas reliable source information specially announcements,lessons learned modules shown canvas quizzes activities,course materials canvas aligned exams,canvas activities give enough time activities,canvas activity give enough time activity
yes,yes,yes,yes,yes,yes,yes,yes,yes,yes,yes,yes,yes,yes,yes,yes,yes,yes,yes,yes,yes,yes
yes,yes,yes,yes,yes,yes,yes,yes,yes,yes,yes,yes,yes,yes,yes,yes,yes,yes,yes,yes,yes,yes
yes strongly agree,strongly agree,use canvas available computers jru,issues using wired internet connection,easily get help,access canvas anywhere good,understand lessons cleary canvas,recognized modules well,easily manage great,easily manage courses even mobile app good,yes,yes help canvas,yes fun,yes helped,yes knows,yes demonstrated,yes,yes made easy,yes answer,find course material aligned quiz,given enough time accomplish actvities,give enough time accomplish actvities
strongly agree,strongly agree,strongly agree,strongly agree,strongly agree,strongly agree,strongly agree,agree,agree,yes,strongly agree,strongly agree,strongly agree,sometimes,yes,minsan hindi,minsan lng,hindi sumasagot prof sa canvas,minsan hindi masagutan kasi walang binibigay mali code,minsan wala sa module yung nasa quizzes,yes,yes
issues,issues,issues,issues,issues,issues,issues,issues,issues,issues,always,review module home,review lessons home,issues,strongly agree,issues,always,professor dont talk students useful getting announcements,issues,issues,issues,issue
yes,access,yes,yes,yes,yes,yes,yes,yes,yes,yes,yes,yes,yes,yes,yes,yes,yes,yes,yes,yes,yes
strongly agree,strongly agree,strongly agree,strongly agree,strongly agree,strongly agree,strongly agree,strongly agree,strongly agree,strongly agree,strongly agree,strongly agree,strongly agree,strongly agree,strongly agree,strongly agree,strongly agree,strongly agree,strongly agree,strongly agree,strongly agree,strongly agree
sometimes time need access security like verification code phone carrying,yes,yes,yes,yes easily contact,sometimes verification code,yes sometimes module public publish,yes recognized,yes easily manage,yes,yes really help us,yes help us,yes,yes didnt need submit papers personal like find go faculty submit canvas,yes,yes,yes,yes received,yes,yes,yes,yes
access easily,yes,yes,yes,yes need help canvas account,yes access canvas account anywhere,yes well organized,yes well organized,yes easily manage,easily manage like desktop version,yes course material canvas teached face face,yes understand better,yes advance study,yes study home,yes knows use canvas,demonstrated mastery subject matter,yes always use encourages mo use canvas pass may laboratory activities quizzes,yes easily communicate instructor classmates,yes easily answer assessment materials posted canvas,yes well organized dashboard,yes gives enough time,yes give enough time
dont problems logging,dont problems accessing course,dont problems accessing canvas account using computer,dont problems accessing canvas account using connection computer laboratories,dont problems getting help,dont problems accessing canvas account outside jru,dont problems understanding lessons canvas,dont problems recognizing modules,dont problems managing desktop version,dont problems managing mobile version,yes notice,dont problems understanding lesson,yes course makes interested,dont problems preparing,dont problems instructor canvas mastery,dont problems instructor canvas mastery,dont problems instructor canvas mastery,dont problems canvas mastery,dont problems canvas mastery,dont problems canvas mastery,dont problems time accomplish,dont problem time accomplish
internet connection slow,yes,neutral,neutral,yes,yes,yes,neutral,neutral,neutral,neutral,neutral,neutral,yes,yes remind us activity,neutral,yes helps pass subject,yes,yes,yes,yes,yes
yes log log easily,yes access easily,yes access without error,issue accessing canvas account,talk office get help,yes internet access,yes clearly understand lesson,yes modules well organized,yes easily manage courses,need improve user interface,yes connection classroom,yes,yes,yes,yes,yes,yes,yes,yes,yes aligned,yes given time,yes give time
yes access canvas easily,yes problems canvas mobile app,jru alot computers,sometimes internet slow,yes,yes access jru canvas jru app outside,yes understand lessons,none,easily manage,sometimes,neutral,sometimes,yeh,yeh lessons canvas,knows,demonstrated clearly,lessons canvas,yeah,easily,yeh,yeah,yeah
easily login logout account,easily access course using canvas,easily access course using canvas,problem internet connection laboratory,yes course,access canvas app outside jru,understand lesson canvas,yes modules course well organized,yes easily manage,yes manage courses app,problem internet connection laboratory,yes understand lesson canvas,yes course,helps quizzes major exams,taught us canvas well,yes course,inspire use,problem internet connection laboratory,problem internet connection laboratory,problem internet connection laboratory,problem internet connection laboratory,problem internet connection laboratory
yes,yes,syempre,oo naman,yes,yes home,yes,yes,yes,canvas app notify phone,yes,yes home,yes,yes,yes,minsan hindi,minsan lang,yes,yes,yes,yes,yes
yes,yes,yes,yes,yes,yes,yes understand also search google,yes,yes,yes,yes,yes,yes,yes,yes show us,always class,yes quizzes,yes,yes,yes,yes,yes
easily login log account anywhere,made canvas experience easier less hassle,yes use account smoothly computers,canvas account problems sometimes loading slow,canvas helpful comes studies,easily log account anywhere,helpful comes lessons classes,well organized user friendly,version much easir less hassle,use anytime want,help connections professors classmates,serves online reviewer,canvas helpful comes studies lessons,helpful inside class sometimes lessons inside canvas different comes exams quiz,know well prepared,mastered subject well teaching us lessons,always use canvas backup suuport,helpful easily communicate professors classmates,easily see quizzes well organized,yes help comes exams course,provides time answer activities quizzes exams,provide time answer activity quiz exam
yes easily log log,access smoothly,none,issues regarding using wired internet connection,yes floor away,strong signal access anywhere,always read modules,easily understand modules,pick card view thats easy navigate,yes,yes prof good teaching,yes read modules,yes,yes course,yes strongly agree,instructor well versed subject matter,always canvas,yes,yes easily answer,yes organized,neutral,neutral
yes easily login logout,yes applicable mobile devices compatible open,yes open lab,yes issue,yes department,yes access outside campus,yes professor discussion,yes required,sometimes manage,yes,yes lecture class,yes,yes answering activity quizzes,yes,yes handle canvas,yes sometimes,yes finish activities,sometimes,yes appear notification,yes open,activities,activity
issues logging canvas account,issues accessing course mobile canvas app,issues,issues,helpful information provided,issues,grammar lessons canvas modules hard understand please make english basic complicated,organized sometimes disarranged,issues,issues,relation,exam day lesson applicable exam different lessons canvas,interesting,absolutely exam lesson canvas applicable,yes,often absent,really,neutral,module provided canvas applicable major exams,strongly disagree course materials canvas applicable major exams,yes,yes
yes easily log account,yes access course,yes access canvas account fastly,issues account easily access,yes sometimes easily,sometimes access account outside jru,yes easily understand,yes easily recognized,yes,yes yes easily manage,yes noticed,yes easily understand,yes makes interested,yes help,yes instructor knows use canvas,yes true,yes true,yes true,yes true,yes true,yes true,yes true
dont problem canvas,easily access canvas,problems canvas,issues accessing canvas account,get answer reliable connected questions,problems accessing account,problems lesson canvas,modules well organized,easy navigate pc,easily navigate task mobile app,problems regarding topic,problems regarding topic,become interested canvas account,problems regarding topic,problems regarding topic,problems regarding topic,problems regarding topic,problems regarding topic,problems regarding topic,problems regarding topic,problems regarding topic,problem regard topic
yes easily log canvas smooth computer campus,yes access course mobile app canvas online app,yes access online account,issue accessing canvas using wifi smooth internet,yes communicate class mate using canvas,yes canvas online website browse anywhere,yes lessons put modules,yes organized,yes manage,yes even phone easily manage navigation course,yes,yes,yes,yes,yes,yes,yes,yes,yes,yes,yes,yes
always easily log log canvas account,yes however problems like notifications notified tasks different subjects,problem accessing canvas account using available computers jru,issues,experience yet observe classmates easily get help problems canvas account,always access canvas account outside jru,clearly understand lessons,noticed problem modules last week confusion,easily manage navigation courses desktop version,problem navigation courses mobile app,information canvas tackled classroom,help us easily understand especially unfamiliar words,yes course since want read information,help tasks,instructor always help us,instructor giving real experience topics,instructor always remind us usage canvas,communication instructor sending message instructor question clarification problem reply comes instructor,easily assessment materials help modules,help us big,sometimes problem time time taught deadline friday tuesday,sometimes problem time time taught deadline friday tuesday
yes easily log log canvas,yes access course mobile,sometimes problem sign computers lab,internet connection good condition,yes easily,yes access,yes clearly understand lesson,sometimes recognize lag,yes easily,yes easily,yes notice,understand lesson,yes interested,yes help canvas finish easily works,yes instructor verygood professor,yes,yes,yes,yes,yes,yes,yes
yes,yes,yes,yes,yes,yes,yes,yes,yes,yes,yes,yes,yes,yes,yes,yes,yes,yes,yes,yes,yes,yes
easily log log fast internet connection,access compatibility app mobile device,access laboratory class hours sometimes cannot access capacity laboratory peak hours,access computers faulty wired connection,help button accessible,yes moderate internet speed home,courses incomplete modules powerpoint,courses modules named labeled incorrect,interface desktop version compatible desktop laptop,task calendar clickable accessible,professors use modules canvas instead present course materials,modules incoplete misleading content,modules incoplete misleading content,quizzes questions answers modules,well trained use others lagging behind,teach subject ease explanation,activities assignments modules canvas,professors reply,questions module,major exams aligned course materials,time given us flexible long enough,time give us flexible long enough
yes easy use,yes sometimes use canvas mobile,yes laboratory enough computers students,internet connection laboratory slow,yes provide technical support canvas,yes world wide web,slides hard understand,yes,yes easy use,fit screen,yes prof relying modules canvas,hard understand,sometimes hard understand,yes modules use review,yes use canvas,yes,yes encourage us read modules,yes connection,yes,yes,yes deadlines enough,yes deadline enough
yes,yes,yes,yes,yes,yes,yes,yes,yes,yes,yes,yes,yes,yes,yes,yes,yes,yes,yes,yes,yes,yes
defends internet connection,yes access,yes access,defends internet connection,yes get help h211,yes access personal laptop,yes,yes,yes,yes,yes,yes,yes,help learn study easily,yes,yes,yes alwaysuse canvas activities exam,yes,yes,yes,yes give aloted time,yes give aloted time
dont problem log log,yes easily access course,dont problem accessing canvas account,dont issues,get help easily,yes access canvas outside school,understand clearly,well organized,use easily,manage easily,connection,understand clearly,makes interested,helps lot,know use,well demonstrated,encourage lot,communicate easily,agree,agree,yes,yes
problem,yes good mobile app canvas,definitely yes problem,mbps internet connection bad good,problem canvas,access automatically open need code google account,understand lessons comes exam question canvas,yes organized modules,yes definitely good,yes definitely good,yes definitely good,yes definitely good,yes definitely good,yes definitely good,yes definitely good,yes definitely good,yes definitely good,yes definitely good,yes definitely good,yes definitely good,access canvas,access canvas
easy computer fast,quick like thunder,probably absolute,nothing good,beautiful,nice,alright,well organized,good,right,problem,everytime,yes sir,yah,yes,everything,every single time,yes really quick,nice,absolute,time,time
yes easily log log,yes access sometimes error,yes access canvas jru computer,dont issue accessing canvas account,yes easily get,yes use jru canvas outside jru,module dosen great explanation,yes organize,yes manage,yes navigate,yes,yes,yes make interest,yes,yes,yes,yes,yes,yes,yes,neutral,neutral
yes make fast log log,sometimes internet slow cant use canvas,go library,internet slow,yes go h201 verified account,yes access,yes read modules,yes writen week week,yes easy desktop,yes easily,yes lesson also canvas teacher discuss,yes,yes,yes,yes,yes,yes,yes,yes,yes,nope sometime cant accomplish canvas time work,nope sometime cant accomplish canvas time work
yes,yes,verrygood,verygood,verygood,yes information,verygood,verygood,verygood,reliable,verygood,verygood,verygood,yhey instruct use canvas,verygood,verygood,verygood,verygood,verygood,verygood,verygood,verygood
depend internet connection,web base,agree,internet connection low,yes,friendly user,strongly agree,strongly agree,strongly agree,strongly agree,strongly agree,strongly agree,strongly agree,strongly agree,strongly agree,strongly agree,yes help student lot,yes,yes,yes,yes,yes
yes dont problem canvas,yes dont problem canvas,yes dont problem canvas,yes dont problem canvas,yes dont problem canvas,yes dont problem canvas,yes dont problem canvas,yes dont problem canvas,yes dont problem canvas,yes dont problem canvas,yes dont problem canvas,yes dont problem canvas,yes dont problem canvas,yes dont problem canvas,yes dont problem canvas,yes dont problem canvas,yes dont problem canvas,yes dont problem canvas,yes dont problem canvas,yes dont problem canvas,yes dont problem canvas,yes dont problem canvas
yes,yes,yes,yes,yes,yes,yes,yes,yes,yes,yes,yes beacause flexible,yes,read modules face face discussion,yes access modules canvas,well demontrated,yes know take quizes,communicate easily,notify,dates,dues,due
easily log log canvas using jru account,using mobile canvas app easily check update subject course using mobile phone,access canvas account using open lab review advance subjects,computer laboratories jru well maintained good connection,easily get help department lost password,even jru still access canvas account,lessons canvas modules easy understand,easily access lectures course canvas,easily use dashboards navigation desktop version,easily use dashboards navigation mobile app,course materials canvas related taught discussion,canvas course materials makes interested lecture study advance participate discussion,canvas course materials makes interested lecture study advance participate discussion,modules lectures help much prepare discussion quizzes exams,instructor knows use canvas,professor taught well line subject matter canvas,lectures quizzes encourage use canvas,canvas made easy communicate professor receive announcements,answer assessment materials,every lectures modules canvas taught lecture day,time given enough finish activity,time give enough finish activity
problem canvas,problem mobile canvas,problem canvas,problem canvas,problem canvas,problem canvas,problem canvas,problem canvas,problem canvas,problem canvas,problem canvas,problem canvas,problem canvas,problem canvas,instructor knows use canvas,instructor demonstrated mastery subject matter,instructor encourages use canvas,canvas made easy communicate instructor,answer assessment materials,find course materials canvas aligned,give enough time accomplish activities canvas,give enough time accomplish activity canvas
easily log,access course using mobile canvas,access canvas account using available computers jru,issues accessing canvas account,easily get help problems,access canvas account outside jru,clearly understand lessons canvas modules,recognize modules course well organized,easily manage navigation courses desktop version,easily manage navigation courses mobile app,notice course materials canvas connection face face classroom lesson content,understand lessons better help course materials,canvas course materials make interested,course materials canvas helped prepare face face discussions quizzes major exams assignments forums,instructor knows use canvas,instructor demonstrated mastery subject matter,instructor encourages use canvas,canvas made easy communicate instructor receive class announcements share ideas group discussions,answer assessment materials,find course materials canvas aligned quizzes major exams assignments forums,give enough time accomplish activities canvas,give enough time accomplish activity canvas
cannot open account browser need security,really agree anywhere access course using mobile canvas app,lot computer easily access canvas account anywhere,proper wiring computer laboraties,easy access person assisting student problem canvas,using mobile devices access canvas account,every module clear explaination,order every module well organized,bootsrap canvas strechable,fit mobile devices,blended learning implemented canvas classrom,lot help use canvas,material canvas make interest rate higher,advance reading help activity,prof use canvas classrom well,prof never disappoint us,half canvas half classroom,sharing ideas canvas good,need connection answer assessment material,well organized canvas,time given us enought accomplish every activity,time give us enought accomplish every activity
problem logging logging canvas account,problem sometimes unable take quiz canvas app answer using browser,problem accessing canvas account using computers jru,causes problem,problem seeking help problems canvas account,easy access outside jru stable internet,problem canvas modules,easily understand,problem,problem,problem,problem,problem,problem,problem,problem,problem,problem,problem,problem,problem,problem
easily login logout canvas account,access course using mobile canvas app,access canvas account using available computers jru,issues accessing canvas account using wired internet connection computer laboratories,easily get help itbl problems canvas account,use canvas mobile computer outside jru,clearly understand lessons canvas modules,recognize modules course well organized,easily manage navigation courses desktop version,easily manage navigation courses mobile app sometimes encounter problems bad connection canvas,notice connected teach face face classroom online,understand lesson better help course materials canvas,canvas course materials make interested access even outside jru,course materials canvas helped prepare face face discussions quizzes major exams assignments forums etc,instructor knows use canvas,instructor demonstrated mastery subject matter,instructor encourages use canvas,canvas made easy communicate instructor receive class announcements share ideas group discussions,answer assessment materials quiz exam posted canvas,find course materials canvas aligned quizzes major exams assignments forums etc,give enough time accomplish activities canvas,give enough time accomplish activity canvas
cannot easily logout canvas acc needs logout also gmail account ensure totally log,yes access course using mobile canvas application,sometimes available computer jru doesnt strong connection internet,yes issues accessing canvas account using wired internet connection computer laboratories,easily get help problems canvas account h211,yes access canvas account outside jru,yes clearly understand lessons canvas modules,yes recognize modules course well organized,yes easily manage navigation courses desktop version,yes easily manage navigation courses mobile app,yes notice course materials canvas connection face face,understand lessons better help course materials canvas,yes canvas course materials make interested,yes course materials canvas helped prepare face face discussions quizzes major exams assignments forums etc,yes instructor knows use canvas,yes instructor demonstrated mastery subject matter,yes instructor encourages use canvas,yes canvas made easy communicate instructor receive class announcements share ideas group discussions,yes answer assessment materials quiz exam posted canvas,yes find course materials canvas aligned quizzes major exams assignments forums etc,yes give enough time accomplish activities canvas,yes give enough time accomplish activity canvas
problem login log,problem using canvas mobile app,access canvas account multiple computers,issues accessing canvas,easily get help problems canvas account,access canvas account anywhere,clearly understand lessons canvas,modules courses organized,easily manage courses using desktop version,easily manage navigation mobile app,canvas modules connection face face discussion,understand easily lesson help canvas,canvas course materials make interested,helps prepare learning,instructor knows use canvas,instructor demonstrated subject matter,instructor encourages use canvas,canvas made communication easy,answer assessment posted canvas,find course materials canvas aligned activities,given enough time finish activities canvas,give enough time finish activity canvas
problem log log canvas account,access course using mobile canvas app problems,computer takes load,sometimes takes times load,people office always help,problem accessing canvas account outside campus,clearly understand lessons module,yes organized,problems,working,yes connection,yes,easy access,problems,yes know use canvas,yes demonstrated properly,yes forum need answer,problems,yes,yes problems,sometimes extension finish activies,sometimes extension finish activies
problem log log canvas account,use mobile apps use browser,depends day regular day use easily exam day hard access availabe computer jru,issues accessing canvas account using wired internet connection computer laboratories,yes easily get help sa processing fix problem slow,house always access canvas acccount,lecture cant understand clearly,recognize modules course well organized,easily manage navigation courses desktop version,easily manage navigation courses mobile app,dont notice course materials canvas connection face face,understand lessons better help course materials canvas,canvas course materials make interested please write views relating answer,course materials canvas helped prepare face face discussions quizzes major exams assignments forums etc,instructor knows use canvas,instructor demonstrated mastery subject matter,instructor encourages use canvas,canvas made easy communicate instructor receive class announcements share ideas group discussions,answer assessment materials quiz exam posted canvas,find course materials canvas aligned quizzes major exams assignments forums etc,give enough time accomplish activities canvas,give enough time accomplish activity canvas
yes easy log canvas,yes easy access canvas mobile phone,yes available computer school,yes issue accessing canvas,easily get help dept problem acc,yes use canvas outside jru,need prof understand,yes recognize,yes easily use computer,yes manage course,student hard comes canvas much better face face,undersdatand lesson using canvas,course gave interested,yes much better canvas like face face comes teaching quizes much better canvas,yes know,prof good teaching using canvas,instructor always say us check canvas,easily message prof,easily access,find usefully,hard finish comes due date,hard finish come due date
verification code logging google chrome,use anywhere,lack computers laboratory,never try,slow actions faculty charge,available google chrome,helps comes reading modules,organized chart,usually used desktop firefox,downloadable mobile phone,time understand face face,cant understand,knowledge,time lesson well discussed surprice quiz assignmen exams,never thought well,discussed well,never thought module,lack giving examples,time know access code absences,surprise quizzes assignment,sunday due,sunday due
log log easily,access course using mobile app,computers take boot,issues regarding wired internet connection computer laboratories,people office approachable,without problem,problem modules canvas except teacher post,problem module organization,easy using desktop version,usually use desktop version,teacher explain well,material could learn course,really important,learning,access codes could announced canvas instead waiting till lecture day cases classes due weather,explains modules,canvas grades,neutral,need know access codes,grade,time extended needed,time extend need
problem loging account,access course using mobile canvas app mobile phone,always access canvas account available computers jru,problem accessing canvas account using wired internet connection computer laboratories,always get help problems canvas account,problem accessing account outside jru,issue understanding lesson canvas module,modules course well organized,problem managing navigation course desktop version,problem managing navigation course desktop version,yes course materials canvas connection face face lesson content,yes understand lesson better help course materials canvas,yes canvas course materials make interested,yes course materials canvas helped prepare face face discussions quizzes major exams assignments forums etc,yes instructor knows use canvas,yes instructor demonstrated mastery subject matter,yes instructor encourages use canvas,yes canvas made easy communicate instructor receive class announcements share ideas group discussions,yes answer assessment materials quiz exam posted canvas,yes find course materials canvas aligned quizzes major exams assignments forums etc,yes give enough time accomplish activities canvas,yes give enough time accomplish activity canvas
yes problem loging loging canvas account,access canvas account phone,access canvas account computer laboratory prof around,sometimes times wifi good enough open canvas slow specially morning,answer strong disagree problem althrough using canvas account,yes access account outside school,yes understand lesson canvas help prof lecture days,modules canvas well organized,yes easily navigate courses desktop,yes easily manage navigation courses mobile app,yes noticed face face,understand lessons better help course materials canvas,yes canvas course materials make interested,yes helped face face discussion also quizzes prelim midterm finals,knows use canvas,yes know subject shes teach mastery subject,yes help answer quizzes assignments,communicate help canvas recieve anoucement sahre ideas face face,answer assessment materials quiz exam,canvas aligned quizzes prelim midterm etc,give enough time accomplish activities canvas,give enough time accomplish activity canvas
problem log log canvas,access easy using phone,problem,need upgrade internet connection,never try,problem using outside,problem,problem,cannot incounter problem,problem using mobile app,thier times classroom connection,sometimes cannot understand,problem,problem,thier problem,sometimes cannot understand instructor,problem,yes problem,access easly canvas,problem,problem,problem
yes easy log,yes easily,yes easily,yes easily,yes easily,yes easily,yes easily,yes easily,yes easily,yes easily,yes easily,yes easily,yes makes interested,yes easily,yes,yes easily,yes easily,yes easily,yes easily,yes easily,yes,yes
problem,problem,yes access,sometimes takes time load,yes people office always ready help,problem,yes clearly,yes well organized,problem,problem,yes connection lecture day,yes clearly understand,interesting,problem,yes knows,yes teaching well,yes forums need answer,problem,yes,problem,yes sometimes extends deadline,yes sometimes extend deadline
strongly agree,strongly agree,strongly agree,strongly agree,strongly agree,strongly agree,strongly agree,strongly agree,strongly agree,strongly agree,strongly agree,strongly agree,strongly agree,strongly agree,strongly agree,strongly agree,strongly agree,strongly agree,strongly agree,strongly agree,strongly agree,strongly agree
yes,yes,yes,yes,yes,yes,yes,yes,yes,yes,yes,yes,yes,yes,yes,yes,yes,yes,yes,yes,yes,yes
times cant log use computers troubling since times need take quizzes,problem,problem,problem,guys itbl gets job done,sometimes cant log,yes,yes,yes,yes,yes,yes,yes,yes,yes,yes,yes,yes,yes,yes,yes,yes
yes,yes,yes,yes,yes,yes,yes,yes,yes,yes,yes,yes,yes,yes,yes,yes,yes,yes,yes,yes,yes,yes
